{"cameraMode":{"drawMode":0,"name":"Shaded","section":"Shading Mode"},"sceneLighting":false,"audioPlay":false,"sceneViewState":{"m_AlwaysRefresh":false,"showFog":false,"showSkybox":false,"showFlares":false,"showImageEffects":false,"showParticleSystems":false,"showVisualEffectGraphs":true,"m_FxEnabled":true},"in2DMode":false,"pivot":{"x":0.005150832235813141,"y":0.12492312490940094,"z":0.021543018519878389},"rotation":{"x":-0.06538474559783936,"y":0.916072428226471,"z":-0.16699014604091645,"w":-0.3586863577365875},"size":0.19128355383872987,"orthographic":false}